,id,0
0,0,0.0
1,60,0.0
2,120,0.0
3,180,0.0
4,240,0.0
5,300,0.0
6,360,0.0
7,420,0.0
8,480,0.0
9,540,2220.0
10,600,2100.0
11,660,0.0
12,720,0.0
13,780,0.0
14,840,0.0
15,900,0.0
16,960,0.0
17,1020,330.0
18,1080,0.0
19,1140,0.0
20,1200,0.0
21,1260,3180.0
22,1320,1500.0
23,1380,0.0
24,1440,0.0
25,1500,0.0
26,1560,0.0
27,1620,0.0
28,1680,0.0
29,1740,0.0
30,1800,0.0
31,1860,0.0
32,1920,0.0
33,1980,0.0
34,2040,0.0
35,2100,0.0
36,2160,0.0
37,2220,1560.0
38,2280,2070.0
39,2340,0.0
40,2400,2760.0
41,2460,0.0
42,2520,0.0
43,2580,3180.0
44,2640,1680.0
45,2700,0.0
46,2760,0.0
47,2820,0.0
48,2880,0.0
49,2940,2340.0
50,3000,0.0
51,3060,0.0
52,3120,0.0
53,3180,0.0
54,3240,1890.0
55,3300,2160.0
56,3360,0.0
57,3420,0.0
58,3480,0.0
59,3540,1440.0
60,3600,0.0
61,3660,0.0
62,3720,0.0
63,3780,0.0
64,3840,0.0
65,3900,0.0
66,3960,0.0
67,4020,0.0
68,4080,0.0
69,4140,0.0
70,4200,0.0
71,4260,0.0
72,4320,0.0
73,4380,0.0
74,4440,0.0
75,4500,0.0
76,4560,0.0
77,4620,2340.0
78,4680,0.0
79,4740,0.0
80,4800,0.0
81,4860,0.0
82,4920,0.0
83,4980,0.0
84,5040,0.0
85,5100,0.0
86,5160,2670.0
87,5220,0.0
88,5280,0.0
89,5340,0.0
90,5400,0.0
91,5460,0.0
92,5520,0.0
93,5580,0.0
94,5640,0.0
95,5700,0.0
96,5760,0.0
97,5820,0.0
98,5880,0.0
99,5940,0.0
100,6000,2640.0
101,6060,0.0
102,6120,0.0
103,6180,0.0
104,6240,0.0
105,6300,0.0
106,6360,0.0
107,6420,0.0
108,6480,2010.0
109,6540,1590.0
110,6600,0.0
111,6660,0.0
112,6720,2190.0
113,6780,0.0
114,6840,0.0
115,6900,0.0
116,6960,0.0
117,7020,0.0
118,7080,0.0
119,7140,1410.0
120,7200,0.0
121,7260,0.0
122,7320,2970.0
123,7380,0.0
124,7440,0.0
125,7500,1950.0
126,7560,0.0
127,7620,0.0
128,7680,0.0
129,7740,1140.0
130,7800,0.0
131,7860,0.0
132,7920,2010.0
133,7980,0.0
134,8040,0.0
135,8100,3060.0
136,8160,0.0
137,8220,0.0
138,8280,2070.0
139,8340,0.0
140,8400,0.0
141,8460,0.0
142,8520,3300.0
143,8580,0.0
144,8640,1380.0
145,8700,0.0
146,8760,0.0
147,8820,0.0
148,8880,0.0
149,8940,0.0
150,9000,1560.0
151,9060,2520.0
152,9120,0.0
153,9180,0.0
154,9240,0.0
155,9300,3570.0
156,9360,0.0
157,9420,0.0
158,9480,0.0
159,9540,540.0
160,9600,2550.0
161,9660,0.0
162,9720,0.0
163,9780,0.0
164,9840,0.0
165,9900,2640.0
166,9960,3390.0
167,10020,0.0
168,10080,960.0
169,10140,0.0
170,10200,0.0
171,10260,0.0
172,10320,1800.0
173,10380,0.0
174,10440,1710.0
175,10500,1530.0
176,10560,900.0
177,10620,2790.0
178,10680,2850.0
179,10740,1290.0
180,10800,0.0
181,10860,1440.0
182,10920,0.0
183,10980,1470.0
184,11040,0.0
185,11100,3360.0
186,11160,1620.0
187,11220,1530.0
188,11280,1740.0
189,11340,840.0
190,11400,0.0
191,11460,0.0
192,11520,0.0
193,11580,0.0
194,11640,0.0
195,11700,1770.0
196,11760,0.0
197,11820,0.0
198,11880,3030.0
199,11940,1680.0
200,12000,0.0
201,12060,0.0
202,12120,0.0
203,12180,0.0
204,12240,0.0
205,12300,2310.0
206,12360,2400.0
207,12420,1860.0
208,12480,0.0
209,12540,0.0
210,12600,0.0
211,12660,0.0
212,12720,1350.0
213,12780,0.0
214,12840,1440.0
215,12900,0.0
216,12960,0.0
217,13020,2130.0
218,13080,0.0
219,13140,0.0
220,13200,1500.0
221,13260,0.0
222,13320,0.0
223,13380,0.0
224,13440,0.0
225,13500,1680.0
226,13560,0.0
227,13620,2070.0
228,13680,1710.0
229,13740,0.0
230,13800,0.0
231,13860,0.0
232,13920,0.0
233,13980,2670.0
234,14040,0.0
235,14100,0.0
236,14160,0.0
237,14220,0.0
238,14280,2220.0
239,14340,0.0
240,14400,2070.0
241,14460,0.0
242,14520,0.0
243,14580,2850.0
244,14640,2100.0
245,14700,0.0
246,14760,0.0
247,14820,0.0
248,14880,0.0
249,14940,0.0
250,15000,0.0
251,15060,1380.0
252,15120,0.0
253,15180,1440.0
254,15240,0.0
255,15300,0.0
256,15360,0.0
257,15420,2340.0
258,15480,0.0
259,15540,0.0
260,15600,0.0
261,15660,1860.0
262,15720,1980.0
263,15780,0.0
264,15840,2040.0
265,15900,2550.0
266,15960,120.0
267,16020,0.0
268,16080,0.0
269,16140,0.0
270,16200,810.0
271,16260,0.0
272,16320,3630.0
273,16380,1800.0
274,16440,1680.0
275,16500,1590.0
276,16560,2490.0
277,16620,0.0
278,16680,0.0
279,16740,0.0
280,16800,900.0
281,16860,0.0
282,16920,0.0
283,16980,0.0
284,17040,0.0
285,17100,0.0
286,17160,2850.0
287,17220,960.0
288,17280,0.0
289,17340,2220.0
290,17400,1950.0
291,17460,1950.0
292,17520,0.0
293,17580,0.0
294,17640,0.0
295,17700,0.0
296,17760,0.0
297,17820,0.0
298,17880,1710.0
299,17940,0.0
300,18000,0.0
301,18060,1140.0
302,18120,0.0
303,18180,2910.0
304,18240,2100.0
305,18300,1410.0
306,18360,1800.0
307,18420,0.0
308,18480,0.0
309,18540,0.0
310,18600,1980.0
311,18660,0.0
312,18720,0.0
313,18780,0.0
314,18840,0.0
315,18900,0.0
316,18960,0.0
317,19020,0.0
318,19080,0.0
319,19140,3150.0
320,19200,2040.0
321,19260,0.0
322,19320,1380.0
323,19380,0.0
324,19440,0.0
325,19500,1800.0
326,19560,2070.0
327,19620,0.0
328,19680,0.0
329,19740,0.0
330,19800,0.0
331,19860,0.0
332,19920,0.0
333,19980,0.0
334,20040,1740.0
335,20100,0.0
336,20160,0.0
337,20220,1800.0
338,20280,1590.0
339,20340,3240.0
340,20400,0.0
341,20460,0.0
342,20520,0.0
343,20580,1620.0
344,20640,3300.0
345,20700,0.0
346,20760,0.0
347,20820,0.0
348,20880,0.0
349,20940,1560.0
350,21000,1500.0
351,21060,4080.0
352,21120,0.0
353,21180,0.0
354,21240,0.0
355,21300,1770.0
356,21360,0.0
357,21420,0.0
358,21480,480.0
359,21540,0.0
360,21600,0.0
361,21660,0.0
362,21720,1980.0
363,21780,0.0
364,21840,0.0
365,21900,0.0
366,21960,0.0
367,22020,3210.0
368,22080,0.0
369,22140,0.0
370,22200,0.0
371,22260,0.0
372,22320,2280.0
373,22380,0.0
374,22440,0.0
375,22500,0.0
376,22560,0.0
377,22620,0.0
378,22680,0.0
379,22740,0.0
380,22800,0.0
381,22860,0.0
382,22920,1500.0
383,22980,0.0
384,23040,60.0
385,23100,0.0
386,23160,0.0
387,23220,0.0
388,23280,0.0
389,23340,0.0
390,23400,1950.0
391,23460,0.0
392,23520,1980.0
393,23580,0.0
394,23640,0.0
395,23700,0.0
396,23760,0.0
397,23820,1890.0
398,23880,0.0
399,23940,0.0
400,24000,240.0
401,24060,0.0
402,24120,1620.0
403,24180,0.0
404,24240,0.0
405,24300,0.0
406,24360,1620.0
407,24420,0.0
408,24480,0.0
409,24540,0.0
410,24600,2520.0
411,24660,0.0
412,24720,1980.0
413,24780,0.0
414,24840,0.0
415,24900,2070.0
416,24960,1800.0
417,25020,1260.0
418,25080,0.0
419,25140,0.0
420,25200,0.0
421,25260,1740.0
422,25320,0.0
423,25380,1980.0
424,25440,0.0
425,25500,0.0
426,25560,0.0
427,25620,0.0
428,25680,0.0
429,25740,0.0
430,25800,0.0
431,25860,0.0
432,25920,0.0
433,25980,0.0
434,26040,0.0
435,26100,2460.0
436,26160,720.0
437,26220,0.0
438,26280,0.0
439,26340,0.0
440,26400,0.0
441,26460,0.0
442,26520,0.0
443,26580,0.0
444,26640,1920.0
445,26700,0.0
446,26760,0.0
447,26820,0.0
448,26880,3420.0
449,26940,0.0
450,27000,1920.0
451,27060,0.0
452,27120,2340.0
453,27180,3210.0
454,27240,2700.0
455,27300,3360.0
456,27360,0.0
457,27420,0.0
458,27480,0.0
459,27540,2610.0
460,27600,0.0
461,27660,0.0
462,27720,0.0
463,27780,3660.0
464,27840,0.0
465,27900,1440.0
466,27960,0.0
467,28020,0.0
468,28080,3330.0
469,28140,0.0
470,28200,0.0
471,28260,0.0
472,28320,0.0
473,28380,2730.0
474,28440,2730.0
475,28500,0.0
476,28560,0.0
477,28620,3120.0
478,28680,0.0
479,28740,0.0
480,28800,0.0
481,28860,2910.0
482,28920,0.0
483,28980,0.0
484,29040,0.0
485,29100,0.0
486,29160,0.0
487,29220,0.0
488,29280,0.0
489,29340,0.0
490,29400,0.0
491,29460,4710.0
492,29520,0.0
493,29580,0.0
494,29640,3300.0
495,29700,0.0
496,29760,0.0
497,29820,0.0
498,29880,0.0
499,29940,0.0
500,30000,2520.0
501,30060,3030.0
502,30120,0.0
503,30180,0.0
504,30240,0.0
505,30300,0.0
506,30360,1500.0
507,30420,0.0
508,30480,0.0
509,30540,0.0
510,30600,3360.0
511,30660,660.0
512,30720,1710.0
513,30780,3480.0
514,30840,0.0
515,30900,1140.0
516,30960,3360.0
517,31020,2370.0
518,31080,3150.0
519,31140,0.0
520,31200,0.0
521,31260,0.0
522,31320,60.0
523,31380,0.0
524,31440,0.0
525,31500,1770.0
526,31560,0.0
527,31620,0.0
528,31680,0.0
529,31740,0.0
530,31800,3330.0
531,31860,0.0
532,31920,0.0
533,31980,0.0
534,32040,0.0
535,32100,0.0
536,32160,0.0
537,32220,0.0
538,32280,0.0
539,32340,2100.0
540,32400,0.0
541,32460,2760.0
542,32520,0.0
543,32580,2670.0
544,32640,0.0
545,32700,0.0
546,32760,0.0
547,32820,1320.0
548,32880,0.0
549,32940,0.0
550,33000,0.0
551,33060,0.0
552,33120,3690.0
553,33180,3270.0
554,33240,0.0
555,33300,2610.0
556,33360,0.0
557,33420,0.0
558,33480,0.0
559,33540,0.0
560,33600,0.0
561,33660,0.0
562,33720,3150.0
563,33780,0.0
564,33840,1680.0
565,33900,0.0
566,33960,0.0
567,34020,0.0
568,34080,390.0
569,34140,0.0
570,34200,2430.0
571,34260,1530.0
572,34320,0.0
573,34380,2790.0
574,34440,0.0
575,34500,2550.0
576,34560,600.0
577,34620,0.0
578,34680,3450.0
579,34740,3090.0
580,34800,0.0
581,34860,0.0
582,34920,2790.0
583,34980,0.0
584,35040,3030.0
585,35100,0.0
586,35160,1410.0
587,35220,990.0
588,35280,0.0
589,35340,3000.0
590,35400,3000.0
591,35460,0.0
592,35520,2220.0
593,35580,2100.0
594,35640,1770.0
595,35700,2340.0
596,35760,2760.0
597,35820,0.0
598,35880,0.0
599,35940,0.0
600,36000,0.0
601,36060,0.0
602,36120,0.0
603,36180,0.0
604,36240,0.0
605,36300,0.0
606,36360,0.0
607,36420,3570.0
608,36480,0.0
609,36540,2730.0
610,36600,2580.0
611,36660,180.0
612,36720,3990.0
613,36780,3240.0
614,36840,0.0
615,36900,0.0
616,36960,840.0
617,37020,3150.0
618,37080,2940.0
619,37140,3090.0
620,37200,1470.0
621,37260,0.0
622,37320,0.0
623,37380,0.0
624,37440,3150.0
625,37500,0.0
626,37560,2550.0
627,37620,1650.0
628,37680,0.0
629,37740,0.0
630,37800,240.0
631,37860,0.0
632,37920,2430.0
633,37980,0.0
634,38040,0.0
635,38100,2280.0
636,38160,0.0
637,38220,0.0
638,38280,0.0
639,38340,1440.0
640,38400,0.0
641,38460,0.0
642,38520,0.0
643,38580,2700.0
644,38640,3330.0
645,38700,0.0
646,38760,3210.0
647,38820,2220.0
648,38880,3000.0
649,38940,0.0
650,39000,3510.0
651,39060,2850.0
652,39120,0.0
653,39180,0.0
654,39240,3210.0
655,39300,0.0
656,39360,0.0
657,39420,0.0
658,39480,0.0
659,39540,0.0
660,39600,3240.0
661,39660,2430.0
662,39720,0.0
663,39780,0.0
664,39840,1830.0
665,39900,0.0
666,39960,3000.0
667,40020,3210.0
668,40080,0.0
669,40140,2880.0
670,40200,0.0
671,40260,0.0
672,40320,0.0
673,40380,0.0
674,40440,3270.0
675,40500,2790.0
676,40560,0.0
677,40620,2850.0
678,40680,2430.0
679,40740,2880.0
680,40800,1200.0
681,40860,2760.0
682,40920,0.0
683,40980,2760.0
684,41040,2130.0
685,41100,2940.0
686,41160,0.0
687,41220,1410.0
688,41280,0.0
689,41340,1620.0
690,41400,3180.0
691,41460,1020.0
692,41520,2760.0
693,41580,0.0
694,41640,0.0
695,41700,0.0
696,41760,3330.0
697,41820,0.0
698,41880,3150.0
699,41940,0.0
700,42000,2700.0
701,42060,0.0
702,42120,2280.0
703,42180,0.0
704,42240,0.0
705,42300,0.0
706,42360,0.0
707,42420,0.0
708,42480,0.0
709,42540,0.0
710,42600,2250.0
711,42660,2730.0
712,42720,1680.0
713,42780,0.0
714,42840,0.0
715,42900,1080.0
716,42960,0.0
717,43020,0.0
718,43080,0.0
719,43140,0.0
720,43200,3120.0
721,43260,0.0
722,43320,0.0
723,43380,3360.0
724,43440,2460.0
725,43500,0.0
726,43560,0.0
727,43620,2790.0
728,43680,0.0
729,43740,0.0
730,43800,2880.0
731,43860,0.0
732,43920,0.0
733,43980,0.0
734,44040,3570.0
735,44100,0.0
736,44160,3000.0
737,44220,0.0
738,44280,0.0
739,44340,0.0
740,44400,0.0
741,44460,0.0
742,44520,2370.0
743,44580,3030.0
744,44640,3120.0
745,44700,0.0
746,44760,3570.0
747,44820,0.0
748,44880,0.0
749,44940,3780.0
750,45000,0.0
751,45060,3420.0
752,45120,2760.0
753,45180,0.0
754,45240,0.0
755,45300,0.0
756,45360,0.0
757,45420,0.0
758,45480,0.0
759,45540,0.0
760,45600,0.0
761,45660,0.0
762,45720,0.0
763,45780,1830.0
764,45840,0.0
765,45900,0.0
766,45960,180.0
767,46020,0.0
768,46080,0.0
769,46140,3720.0
770,46200,0.0
771,46260,0.0
772,46320,0.0
773,46380,0.0
774,46440,0.0
775,46500,2670.0
776,46560,0.0
777,46620,0.0
778,46680,0.0
779,46740,0.0
780,46800,2820.0
781,46860,0.0
782,46920,3300.0
783,46980,0.0
784,47040,0.0
785,47100,2700.0
786,47160,0.0
787,47220,2010.0
788,47280,0.0
789,47340,2970.0
790,47400,0.0
791,47460,0.0
792,47520,0.0
793,47580,0.0
794,47640,0.0
795,47700,0.0
796,47760,0.0
797,47820,0.0
798,47880,0.0
799,47940,0.0
800,48000,0.0
801,48060,0.0
802,48120,0.0
803,48180,0.0
804,48240,2820.0
805,48300,0.0
806,48360,0.0
807,48420,0.0
808,48480,0.0
809,48540,2100.0
810,48600,0.0
811,48660,0.0
812,48720,0.0
813,48780,0.0
814,48840,0.0
815,48900,0.0
816,48960,4410.0
817,49020,0.0
818,49080,3030.0
819,49140,0.0
820,49200,0.0
821,49260,0.0
822,49320,3630.0
823,49380,0.0
824,49440,0.0
825,49500,0.0
826,49560,0.0
827,49620,0.0
828,49680,0.0
829,49740,1020.0
830,49800,0.0
831,49860,3540.0
832,49920,0.0
833,49980,0.0
834,50040,2460.0
835,50100,2640.0
836,50160,0.0
837,50220,2910.0
838,50280,0.0
839,50340,2880.0
840,50400,3180.0
841,50460,3120.0
842,50520,3240.0
843,50580,2730.0
844,50640,0.0
845,50700,1950.0
846,50760,0.0
847,50820,840.0
848,50880,0.0
849,50940,0.0
850,51000,1800.0
851,51060,0.0
852,51120,2970.0
853,51180,2880.0
854,51240,3060.0
855,51300,2280.0
856,51360,3300.0
857,51420,0.0
858,51480,0.0
859,51540,3420.0
860,51600,3180.0
861,51660,0.0
862,51720,0.0
863,51780,2820.0
864,51840,2850.0
865,51900,0.0
866,51960,0.0
867,52020,0.0
868,52080,0.0
869,52140,2880.0
870,52200,0.0
871,52260,0.0
872,52320,2850.0
873,52380,3060.0
874,52440,0.0
875,52500,3630.0
876,52560,2610.0
877,52620,2400.0
878,52680,2250.0
879,52740,2640.0
880,52800,3330.0
881,52860,0.0
882,52920,0.0
883,52980,3000.0
884,53040,0.0
885,53100,3030.0
886,53160,0.0
887,53220,1800.0
888,53280,0.0
889,53340,3060.0
890,53400,0.0
891,53460,0.0
892,53520,0.0
893,53580,0.0
894,53640,0.0
895,53700,3630.0
896,53760,0.0
897,53820,2190.0
898,53880,0.0
899,53940,0.0
900,54000,0.0
901,54060,2700.0
902,54120,0.0
903,54180,0.0
904,54240,3180.0
905,54300,0.0
906,54360,3390.0
907,54420,0.0
908,54480,0.0
909,54540,0.0
910,54600,0.0
911,54660,0.0
912,54720,2940.0
913,54780,0.0
914,54840,2670.0
915,54900,0.0
916,54960,3330.0
917,55020,0.0
918,55080,0.0
919,55140,3210.0
920,55200,0.0
921,55260,3990.0
922,55320,0.0
923,55380,0.0
924,55440,2940.0
925,55500,0.0
926,55560,3180.0
927,55620,0.0
928,55680,0.0
929,55740,2250.0
930,55800,0.0
931,55860,2730.0
932,55920,0.0
933,55980,1440.0
934,56040,2430.0
935,56100,2730.0
936,56160,0.0
937,56220,3510.0
938,56280,3420.0
939,56340,1440.0
940,56400,2760.0
941,56460,0.0
942,56520,3120.0
943,56580,0.0
944,56640,1500.0
945,56700,3660.0
946,56760,0.0
947,56820,3000.0
948,56880,0.0
949,56940,0.0
950,57000,1950.0
951,57060,0.0
952,57120,2700.0
953,57180,0.0
954,57240,0.0
955,57300,1740.0
956,57360,0.0
957,57420,2970.0
958,57480,3060.0
959,57540,0.0
960,57600,3090.0
961,57660,0.0
962,57720,0.0
963,57780,2700.0
964,57840,0.0
965,57900,0.0
966,57960,0.0
967,58020,0.0
968,58080,2010.0
969,58140,0.0
970,58200,0.0
971,58260,0.0
972,58320,0.0
973,58380,0.0
974,58440,0.0
975,58500,1770.0
976,58560,0.0
977,58620,2700.0
978,58680,0.0
979,58740,3090.0
980,58800,0.0
981,58860,0.0
982,58920,0.0
983,58980,0.0
984,59040,0.0
985,59100,2610.0
986,59160,0.0
987,59220,0.0
988,59280,0.0
989,59340,0.0
990,59400,3000.0
991,59460,0.0
992,59520,0.0
993,59580,2520.0
994,59640,0.0
995,59700,0.0
996,59760,0.0
997,59820,0.0
998,59880,0.0
999,59940,3120.0
1000,60000,0.0
1001,60060,0.0
1002,60120,0.0
1003,60180,0.0
1004,60240,3960.0
1005,60300,0.0
1006,60360,0.0
1007,60420,0.0
1008,60480,3360.0
1009,60540,0.0
1010,60600,0.0
1011,60660,1560.0
1012,60720,0.0
1013,60780,2040.0
1014,60840,0.0
1015,60900,0.0
1016,60960,2700.0
1017,61020,0.0
1018,61080,2820.0
1019,61140,0.0
1020,61200,0.0
1021,61260,0.0
1022,61320,0.0
1023,61380,0.0
1024,61440,3240.0
1025,61500,2340.0
1026,61560,3000.0
1027,61620,3030.0
1028,61680,2460.0
1029,61740,2760.0
1030,61800,0.0
1031,61860,3150.0
1032,61920,2580.0
1033,61980,2100.0
1034,62040,2070.0
1035,62100,600.0
1036,62160,0.0
1037,62220,2280.0
1038,62280,2640.0
1039,62340,0.0
1040,62400,3060.0
1041,62460,0.0
1042,62520,3030.0
1043,62580,0.0
1044,62640,0.0
1045,62700,2910.0
1046,62760,3330.0
1047,62820,0.0
1048,62880,1560.0
1049,62940,2940.0
1050,63000,2400.0
1051,63060,3120.0
1052,63120,0.0
1053,63180,0.0
1054,63240,3120.0
1055,63300,0.0
1056,63360,2880.0
1057,63420,2160.0
1058,63480,2340.0
1059,63540,0.0
1060,63600,0.0
1061,63660,3090.0
1062,63720,2790.0
1063,63780,0.0
1064,63840,3000.0
1065,63900,0.0
1066,63960,3900.0
1067,64020,2730.0
1068,64080,0.0
1069,64140,1320.0
1070,64200,3060.0
1071,64260,2400.0
1072,64320,0.0
1073,64380,0.0
1074,64440,0.0
1075,64500,0.0
1076,64560,0.0
1077,64620,0.0
1078,64680,0.0
1079,64740,0.0
1080,64800,3150.0
1081,64860,0.0
1082,64920,2910.0
1083,64980,0.0
1084,65040,0.0
1085,65100,0.0
1086,65160,3390.0
1087,65220,360.0
1088,65280,0.0
1089,65340,3000.0
1090,65400,2370.0
1091,65460,0.0
1092,65520,0.0
1093,65580,0.0
1094,65640,0.0
1095,65700,0.0
1096,65760,0.0
1097,65820,0.0
1098,65880,0.0
1099,65940,0.0
1100,66000,3600.0
1101,66060,2670.0
1102,66120,2790.0
1103,66180,0.0
1104,66240,0.0
1105,66300,2130.0
1106,66360,0.0
1107,66420,0.0
1108,66480,0.0
1109,66540,3120.0
1110,66600,2310.0
1111,66660,2400.0
1112,66720,0.0
1113,66780,2580.0
1114,66840,1410.0
1115,66900,3000.0
1116,66960,2580.0
1117,67020,2940.0
1118,67080,2130.0
1119,67140,3090.0
1120,67200,3450.0
1121,67260,2370.0
1122,67320,3630.0
1123,67380,3090.0
1124,67440,2610.0
1125,67500,2760.0
1126,67560,3510.0
1127,67620,2790.0
1128,67680,2670.0
1129,67740,0.0
1130,67800,2850.0
1131,67860,2580.0
1132,67920,0.0
1133,67980,3330.0
1134,68040,0.0
1135,68100,0.0
1136,68160,0.0
1137,68220,3090.0
1138,68280,3090.0
1139,68340,0.0
1140,68400,2490.0
1141,68460,3510.0
1142,68520,0.0
1143,68580,0.0
1144,68640,1500.0
1145,68700,1800.0
1146,68760,2880.0
1147,68820,0.0
1148,68880,0.0
1149,68940,2790.0
1150,69000,960.0
1151,69060,0.0
1152,69120,0.0
1153,69180,0.0
1154,69240,0.0
1155,69300,0.0
1156,69360,0.0
1157,69420,0.0
1158,69480,0.0
1159,69540,0.0
1160,69600,0.0
1161,69660,0.0
1162,69720,0.0
1163,69780,0.0
1164,69840,0.0
1165,69900,0.0
1166,69960,0.0
1167,70020,0.0
1168,70080,2910.0
1169,70140,0.0
1170,70200,0.0
1171,70260,0.0
1172,70320,0.0
1173,70380,3060.0
1174,70440,0.0
1175,70500,2520.0
1176,70560,1290.0
1177,70620,0.0
1178,70680,3600.0
1179,70740,0.0
1180,70800,2640.0
1181,70860,0.0
1182,70920,2490.0
1183,70980,2880.0
1184,71040,3630.0
1185,71100,0.0
1186,71160,0.0
1187,71220,0.0
1188,71280,0.0
1189,71340,2220.0
1190,71400,1050.0
1191,71460,4020.0
1192,71520,2220.0
1193,71580,2550.0
1194,71640,0.0
1195,71700,2910.0
1196,71760,2760.0
1197,71820,1800.0
1198,71880,2790.0
1199,71940,2430.0
1200,72000,2460.0
1201,72060,3540.0
1202,72120,2130.0
1203,72180,2340.0
1204,72240,2760.0
1205,72300,1800.0
1206,72360,0.0
1207,72420,3300.0
1208,72480,0.0
1209,72540,3540.0
1210,72600,1380.0
1211,72660,0.0
1212,72720,3000.0
1213,72780,0.0
1214,72840,3060.0
1215,72900,0.0
1216,72960,0.0
1217,73020,0.0
1218,73080,0.0
1219,73140,2100.0
1220,73200,0.0
1221,73260,2790.0
1222,73320,3630.0
1223,73380,2640.0
1224,73440,3660.0
1225,73500,0.0
1226,73560,1320.0
1227,73620,0.0
1228,73680,0.0
1229,73740,3030.0
1230,73800,2310.0
1231,73860,2970.0
1232,73920,2250.0
1233,73980,0.0
1234,74040,60.0
1235,74100,2340.0
1236,74160,0.0
1237,74220,2040.0
1238,74280,1920.0
1239,74340,2820.0
1240,74400,0.0
1241,74460,2820.0
1242,74520,3660.0
1243,74580,0.0
1244,74640,2010.0
1245,74700,3000.0
1246,74760,3150.0
1247,74820,2730.0
1248,74880,3030.0
1249,74940,0.0
1250,75000,2940.0
1251,75060,2520.0
1252,75120,1260.0
1253,75180,4110.0
1254,75240,2520.0
1255,75300,0.0
1256,75360,3000.0
1257,75420,3150.0
1258,75480,2160.0
1259,75540,0.0
1260,75600,0.0
1261,75660,3030.0
1262,75720,3390.0
1263,75780,0.0
1264,75840,180.0
1265,75900,2550.0
1266,75960,3120.0
1267,76020,2100.0
1268,76080,2730.0
1269,76140,3330.0
1270,76200,0.0
1271,76260,1020.0
1272,76320,0.0
1273,76380,2490.0
1274,76440,3330.0
1275,76500,0.0
1276,76560,0.0
1277,76620,2910.0
1278,76680,3180.0
1279,76740,3000.0
1280,76800,0.0
1281,76860,2700.0
1282,76920,0.0
1283,76980,2040.0
1284,77040,3240.0
1285,77100,0.0
1286,77160,0.0
1287,77220,3000.0
1288,77280,3420.0
1289,77340,0.0
1290,77400,0.0
1291,77460,0.0
1292,77520,2730.0
1293,77580,0.0
1294,77640,3300.0
1295,77700,3090.0
1296,77760,2040.0
1297,77820,0.0
1298,77880,1140.0
1299,77940,240.0
1300,78000,0.0
1301,78060,2100.0
1302,78120,2670.0
1303,78180,0.0
1304,78240,3000.0
1305,78300,2340.0
1306,78360,2790.0
1307,78420,0.0
1308,78480,3300.0
1309,78540,0.0
1310,78600,0.0
1311,78660,0.0
1312,78720,1740.0
1313,78780,0.0
1314,78840,0.0
1315,78900,2730.0
1316,78960,2190.0
1317,79020,2160.0
1318,79080,0.0
1319,79140,1500.0
1320,79200,3090.0
1321,79260,0.0
1322,79320,0.0
1323,79380,2940.0
1324,79440,0.0
1325,79500,3420.0
1326,79560,2610.0
1327,79620,0.0
1328,79680,4140.0
1329,79740,1980.0
1330,79800,3180.0
1331,79860,0.0
1332,79920,0.0
1333,79980,0.0
1334,80040,0.0
1335,80100,3540.0
1336,80160,2100.0
1337,80220,2640.0
1338,80280,0.0
1339,80340,0.0
1340,80400,0.0
1341,80460,1080.0
1342,80520,3030.0
1343,80580,0.0
1344,80640,2400.0
1345,80700,2100.0
1346,80760,2760.0
1347,80820,2370.0
1348,80880,2520.0
1349,80940,3330.0
1350,81000,0.0
1351,81060,2100.0
1352,81120,0.0
1353,81180,2160.0
1354,81240,2430.0
1355,81300,0.0
1356,81360,0.0
1357,81420,3060.0
1358,81480,2520.0
1359,81540,1710.0
1360,81600,0.0
1361,81660,2940.0
1362,81720,2760.0
1363,81780,0.0
1364,81840,2040.0
1365,81900,0.0
1366,81960,2370.0
1367,82020,0.0
1368,82080,2160.0
1369,82140,810.0
1370,82200,2700.0
1371,82260,0.0
1372,82320,0.0
1373,82380,1530.0
1374,82440,2340.0
1375,82500,2580.0
1376,82560,240.0
1377,82620,3240.0
1378,82680,2850.0
1379,82740,2730.0
1380,82800,3450.0
1381,82860,2100.0
1382,82920,3810.0
1383,82980,0.0
1384,83040,2760.0
1385,83100,2940.0
1386,83160,1860.0
1387,83220,2040.0
1388,83280,3360.0
1389,83340,2430.0
1390,83400,2520.0
1391,83460,2970.0
1392,83520,3060.0
1393,83580,2580.0
1394,83640,3090.0
1395,83700,3390.0
1396,83760,0.0
1397,83820,2460.0
1398,83880,2130.0
1399,83940,3720.0
1400,84000,1020.0
1401,84060,0.0
1402,84120,2820.0
1403,84180,3870.0
1404,84240,2850.0
1405,84300,2970.0
1406,84360,2520.0
1407,84420,3390.0
1408,84480,2160.0
1409,84540,0.0
1410,84600,2130.0
1411,84660,0.0
1412,84720,3060.0
1413,84780,930.0
1414,84840,1470.0
1415,84900,4050.0
1416,84960,0.0
1417,85020,0.0
1418,85080,2100.0
1419,85140,3030.0
1420,85200,3090.0
1421,85260,0.0
1422,85320,0.0
1423,85380,0.0
1424,85440,0.0
1425,85500,0.0
1426,85560,3480.0
1427,85620,2730.0
1428,85680,2790.0
1429,85740,2490.0
1430,85800,2670.0
1431,85860,3750.0
1432,85920,2700.0
1433,85980,2670.0
1434,86040,2070.0
1435,86100,1860.0
1436,86160,2610.0
1437,86220,3840.0
1438,86280,2400.0
1439,86340,0.0
1440,86400,0.0
1441,86460,0.0
1442,86520,2610.0
1443,86580,2730.0
1444,86640,2400.0
1445,86700,3360.0
1446,86760,2430.0
1447,86820,0.0
1448,86880,2700.0
1449,86940,0.0
1450,87000,630.0
1451,87060,3000.0
1452,87120,0.0
1453,87180,0.0
1454,87240,2490.0
1455,87300,3390.0
1456,87360,0.0
1457,87420,3510.0
1458,87480,3360.0
1459,87540,0.0
1460,87600,2610.0
1461,87660,0.0
1462,87720,3540.0
1463,87780,0.0
1464,87840,1020.0
1465,87900,0.0
1466,87960,0.0
1467,88020,180.0
1468,88080,0.0
1469,88140,2460.0
1470,88200,3240.0
1471,88260,2730.0
1472,88320,2760.0
1473,88380,2430.0
1474,88440,0.0
1475,88500,2940.0
1476,88560,2700.0
1477,88620,2160.0
1478,88680,2970.0
1479,88740,0.0
1480,88800,2940.0
1481,88860,3990.0
1482,88920,2520.0
1483,88980,2520.0
1484,89040,0.0
1485,89100,2550.0
1486,89160,2190.0
1487,89220,2100.0
1488,89280,2670.0
1489,89340,2070.0
1490,89400,1770.0
1491,89460,2880.0
1492,89520,2130.0
1493,89580,2520.0
1494,89640,2430.0
1495,89700,1020.0
1496,89760,3030.0
1497,89820,2490.0
1498,89880,2880.0
1499,89940,2580.0
1500,90000,1920.0
1501,90060,0.0
1502,90120,2220.0
1503,90180,1650.0
1504,90240,1860.0
1505,90300,3180.0
1506,90360,3120.0
1507,90420,2880.0
1508,90480,2400.0
1509,90540,360.0
1510,90600,2700.0
1511,90660,2310.0
1512,90720,2490.0
1513,90780,3210.0
1514,90840,2670.0
1515,90900,3210.0
1516,90960,2040.0
1517,91020,1980.0
1518,91080,2490.0
1519,91140,2640.0
1520,91200,2760.0
1521,91260,2040.0
1522,91320,480.0
1523,91380,0.0
1524,91440,2400.0
1525,91500,2430.0
1526,91560,2880.0
1527,91620,2400.0
1528,91680,3510.0
1529,91740,3270.0
1530,91800,3090.0
1531,91860,2520.0
1532,91920,0.0
1533,91980,2280.0
1534,92040,2580.0
1535,92100,2580.0
1536,92160,2430.0
1537,92220,3300.0
1538,92280,2880.0
1539,92340,2280.0
1540,92400,1590.0
1541,92460,1770.0
1542,92520,2700.0
1543,92580,2970.0
1544,92640,780.0
1545,92700,810.0
1546,92760,2940.0
1547,92820,2070.0
1548,92880,3720.0
1549,92940,1560.0
1550,93000,2670.0
1551,93060,2940.0
1552,93120,1110.0
1553,93180,3060.0
1554,93240,3690.0
1555,93300,0.0
1556,93360,3750.0
1557,93420,1350.0
1558,93480,3120.0
1559,93540,3000.0
1560,93600,2940.0
1561,93660,1620.0
1562,93720,2100.0
1563,93780,1440.0
1564,93840,2520.0
1565,93900,3210.0
1566,93960,2700.0
1567,94020,2640.0
1568,94080,0.0
1569,94140,3420.0
1570,94200,690.0
1571,94260,990.0
1572,94320,0.0
1573,94380,3030.0
1574,94440,2100.0
1575,94500,3330.0
1576,94560,1230.0
1577,94620,3150.0
1578,94680,0.0
1579,94740,0.0
1580,94800,1260.0
1581,94860,3060.0
1582,94920,2220.0
1583,94980,1410.0
1584,95040,60.0
1585,95100,0.0
1586,95160,0.0
1587,95220,2700.0
1588,95280,3390.0
1589,95340,2460.0
1590,95400,1860.0
1591,95460,3540.0
1592,95520,2400.0
1593,95580,3330.0
1594,95640,2490.0
1595,95700,3150.0
1596,95760,3120.0
1597,95820,2460.0
1598,95880,0.0
1599,95940,2970.0
1600,96000,2280.0
1601,96060,2910.0
1602,96120,2190.0
1603,96180,3330.0
1604,96240,1980.0
1605,96300,2220.0
1606,96360,2250.0
1607,96420,3990.0
1608,96480,2970.0
1609,96540,1620.0
1610,96600,2760.0
1611,96660,2550.0
1612,96720,3390.0
1613,96780,3180.0
1614,96840,3090.0
1615,96900,3600.0
1616,96960,1800.0
1617,97020,2880.0
1618,97080,2880.0
1619,97140,2700.0
1620,97200,3180.0
1621,97260,2610.0
1622,97320,1650.0
1623,97380,3150.0
1624,97440,2310.0
1625,97500,1860.0
1626,97560,3060.0
1627,97620,3360.0
1628,97680,2880.0
1629,97740,2700.0
1630,97800,2070.0
1631,97860,0.0
1632,97920,2610.0
1633,97980,0.0
1634,98040,2580.0
1635,98100,2520.0
1636,98160,3030.0
1637,98220,2640.0
1638,98280,2640.0
1639,98340,2640.0
1640,98400,2340.0
1641,98460,2490.0
1642,98520,0.0
1643,98580,2100.0
1644,98640,1770.0
1645,98700,1710.0
1646,98760,2820.0
1647,98820,1800.0
1648,98880,2340.0
1649,98940,2340.0
1650,99000,2640.0
1651,99060,2430.0
1652,99120,2100.0
1653,99180,2220.0
1654,99240,0.0
1655,99300,2310.0
1656,99360,3090.0
1657,99420,2940.0
1658,99480,0.0
1659,99540,2100.0
1660,99600,2970.0
1661,99660,2040.0
1662,99720,2700.0
1663,99780,2550.0
1664,99840,3780.0
1665,99900,3000.0
1666,99960,3570.0
1667,100020,3120.0
1668,100080,750.0
1669,100140,2700.0
1670,100200,2400.0
1671,100260,3180.0
1672,100320,2070.0
1673,100380,3240.0
1674,100440,1980.0
1675,100500,1680.0
1676,100560,2850.0
1677,100620,2280.0
1678,100680,1740.0
1679,100740,2460.0
1680,100800,0.0
1681,100860,0.0
1682,100920,2580.0
1683,100980,3240.0
1684,101040,2580.0
1685,101100,3450.0
1686,101160,2220.0
1687,101220,2280.0
1688,101280,0.0
1689,101340,3210.0
1690,101400,1920.0
1691,101460,2520.0
1692,101520,1620.0
1693,101580,2100.0
1694,101640,2460.0
1695,101700,2460.0
1696,101760,2040.0
1697,101820,3060.0
1698,101880,2160.0
1699,101940,2340.0
1700,102000,2580.0
1701,102060,2370.0
1702,102120,2580.0
1703,102180,2760.0
1704,102240,2610.0
1705,102300,0.0
1706,102360,2970.0
1707,102420,2550.0
1708,102480,2400.0
1709,102540,1500.0
1710,102600,2490.0
1711,102660,1290.0
1712,102720,3000.0
1713,102780,2940.0
1714,102840,1980.0
1715,102900,1320.0
1716,102960,3090.0
1717,103020,2970.0
1718,103080,0.0
1719,103140,3120.0
1720,103200,3780.0
1721,103260,1710.0
1722,103320,2430.0
1723,103380,2640.0
1724,103440,1800.0
1725,103500,3090.0
1726,103560,2280.0
1727,103620,2100.0
1728,103680,0.0
1729,103740,0.0
1730,103800,1380.0
1731,103860,1920.0
1732,103920,2490.0
1733,103980,2040.0
1734,104040,1170.0
1735,104100,1920.0
1736,104160,2010.0
1737,104220,2520.0
1738,104280,2970.0
1739,104340,1620.0
1740,104400,2790.0
1741,104460,0.0
1742,104520,3570.0
1743,104580,2490.0
1744,104640,2550.0
1745,104700,2070.0
1746,104760,0.0
1747,104820,2310.0
1748,104880,2190.0
1749,104940,0.0
1750,105000,0.0
1751,105060,0.0
1752,105120,0.0
1753,105180,2160.0
1754,105240,0.0
1755,105300,1650.0
1756,105360,2880.0
1757,105420,0.0
1758,105480,2550.0
1759,105540,810.0
1760,105600,420.0
1761,105660,0.0
1762,105720,1740.0
1763,105780,1140.0
1764,105840,2880.0
1765,105900,0.0
1766,105960,0.0
1767,106020,1320.0
1768,106080,2820.0
1769,106140,2490.0
1770,106200,0.0
1771,106260,3900.0
1772,106320,0.0
1773,106380,1920.0
1774,106440,1260.0
1775,106500,780.0
1776,106560,1380.0
1777,106620,2400.0
1778,106680,2370.0
1779,106740,1860.0
1780,106800,1740.0
1781,106860,2520.0
1782,106920,2820.0
1783,106980,2100.0
1784,107040,780.0
1785,107100,2220.0
1786,107160,0.0
1787,107220,0.0
1788,107280,1650.0
1789,107340,0.0
1790,107400,180.0
1791,107460,1050.0
1792,107520,0.0
1793,107580,1920.0
1794,107640,0.0
1795,107700,1140.0
1796,107760,2100.0
1797,107820,2520.0
1798,107880,2370.0
1799,107940,2760.0
1800,108000,2280.0
1801,108060,1140.0
1802,108120,3000.0
1803,108180,1560.0
1804,108240,1890.0
1805,108300,3090.0
1806,108360,2160.0
1807,108420,600.0
1808,108480,2640.0
1809,108540,2070.0
1810,108600,1980.0
1811,108660,2100.0
1812,108720,0.0
1813,108780,2760.0
1814,108840,2370.0
1815,108900,2280.0
1816,108960,2280.0
1817,109020,2160.0
1818,109080,3270.0
1819,109140,2850.0
1820,109200,2190.0
1821,109260,120.0
1822,109320,1920.0
1823,109380,2070.0
1824,109440,1680.0
1825,109500,2130.0
1826,109560,2820.0
1827,109620,2940.0
1828,109680,1590.0
1829,109740,3150.0
1830,109800,1980.0
1831,109860,1560.0
1832,109920,2100.0
1833,109980,1920.0
1834,110040,2880.0
1835,110100,2130.0
1836,110160,1620.0
1837,110220,1920.0
1838,110280,3030.0
1839,110340,2610.0
1840,110400,1470.0
1841,110460,2520.0
1842,110520,2580.0
1843,110580,360.0
1844,110640,1740.0
1845,110700,2370.0
1846,110760,2640.0
1847,110820,1800.0
1848,110880,2160.0
1849,110940,1740.0
1850,111000,1770.0
1851,111060,1980.0
1852,111120,1560.0
1853,111180,2430.0
1854,111240,1200.0
1855,111300,1860.0
1856,111360,2190.0
1857,111420,2310.0
1858,111480,2070.0
1859,111540,840.0
1860,111600,2460.0
1861,111660,1950.0
1862,111720,2400.0
1863,111780,1860.0
1864,111840,0.0
1865,111900,1980.0
1866,111960,2190.0
1867,112020,1260.0
1868,112080,1440.0
1869,112140,120.0
1870,112200,1380.0
1871,112260,1440.0
1872,112320,2040.0
1873,112380,1530.0
1874,112440,0.0
1875,112500,2880.0
1876,112560,2520.0
1877,112620,1350.0
1878,112680,360.0
1879,112740,1800.0
1880,112800,1620.0
1881,112860,0.0
1882,112920,1140.0
1883,112980,1860.0
1884,113040,1260.0
1885,113100,0.0
1886,113160,3270.0
1887,113220,120.0
1888,113280,2700.0
1889,113340,2550.0
1890,113400,2040.0
1891,113460,2640.0
1892,113520,420.0
1893,113580,2490.0
1894,113640,1830.0
1895,113700,1920.0
1896,113760,2430.0
1897,113820,2970.0
1898,113880,2040.0
1899,113940,2430.0
1900,114000,2400.0
1901,114060,1530.0
1902,114120,2430.0
1903,114180,2490.0
1904,114240,2100.0
1905,114300,1620.0
1906,114360,2190.0
1907,114420,2280.0
1908,114480,2520.0
1909,114540,2520.0
1910,114600,2040.0
1911,114660,2640.0
1912,114720,1590.0
1913,114780,2370.0
1914,114840,660.0
1915,114900,2460.0
1916,114960,2640.0
1917,115020,990.0
1918,115080,1770.0
1919,115140,2640.0
1920,115200,2340.0
1921,115260,0.0
1922,115320,0.0
1923,115380,0.0
1924,115440,0.0
1925,115500,0.0
1926,115560,0.0
1927,115620,0.0
1928,115680,0.0
1929,115740,0.0
1930,115800,0.0
1931,115860,0.0
1932,115920,0.0
1933,115980,0.0
1934,116040,0.0
1935,116100,0.0
1936,116160,0.0
1937,116220,0.0
1938,116280,0.0
1939,116340,0.0
1940,116400,0.0
1941,116460,0.0
1942,116520,0.0
1943,116580,0.0
1944,116640,0.0
1945,116700,0.0
1946,116760,0.0
1947,116820,0.0
1948,116880,0.0
1949,116940,0.0
1950,117000,0.0
1951,117060,0.0
1952,117120,0.0
1953,117180,0.0
1954,117240,0.0
1955,117300,0.0
1956,117360,0.0
1957,117420,0.0
1958,117480,0.0
1959,117540,0.0
1960,117600,0.0
1961,117660,0.0
1962,117720,0.0
1963,117780,0.0
1964,117840,0.0
1965,117900,0.0
1966,117960,0.0
1967,118020,0.0
1968,118080,0.0
1969,118140,0.0
1970,118200,0.0
1971,118260,0.0
1972,118320,0.0
1973,118380,0.0
1974,118440,0.0
1975,118500,0.0
1976,118560,0.0
1977,118620,0.0
1978,118680,0.0
1979,118740,0.0
1980,118800,0.0
1981,118860,0.0
1982,118920,0.0
1983,118980,0.0
1984,119040,0.0
1985,119100,0.0
1986,119160,0.0
1987,119220,0.0
1988,119280,0.0
1989,119340,0.0
1990,119400,0.0
1991,119460,0.0
1992,119520,0.0
1993,119580,0.0
1994,119640,0.0
1995,119700,0.0
1996,119760,0.0
1997,119820,0.0
1998,119880,0.0
1999,119940,0.0
2000,120000,0.0
2001,120060,0.0
2002,120120,0.0
2003,120180,0.0
2004,120240,0.0
2005,120300,0.0
2006,120360,0.0
2007,120420,0.0
2008,120480,0.0
2009,120540,0.0
2010,120600,0.0
2011,120660,0.0
2012,120720,0.0
2013,120780,0.0
2014,120840,0.0
2015,120900,0.0
2016,120960,0.0
2017,121020,0.0
2018,121080,0.0
2019,121140,0.0
2020,121200,0.0
2021,121260,0.0
2022,121320,0.0
2023,121380,0.0
2024,121440,0.0
2025,121500,0.0
2026,121560,0.0
2027,121620,0.0
2028,121680,0.0
2029,121740,0.0
2030,121800,0.0
2031,121860,0.0
2032,121920,0.0
2033,121980,0.0
2034,122040,0.0
2035,122100,0.0
2036,122160,0.0
2037,122220,0.0
2038,122280,0.0
2039,122340,0.0
2040,122400,0.0
2041,122460,0.0
2042,122520,0.0
2043,122580,0.0
2044,122640,0.0
2045,122700,0.0
2046,122760,0.0
2047,122820,0.0
2048,122880,0.0
2049,122940,0.0
2050,123000,0.0
2051,123060,0.0
2052,123120,0.0
2053,123180,0.0
2054,123240,0.0
2055,123300,0.0
2056,123360,0.0
2057,123420,0.0
2058,123480,0.0
2059,123540,0.0
2060,123600,0.0
2061,123660,0.0
2062,123720,0.0
2063,123780,0.0
2064,123840,0.0
2065,123900,0.0
2066,123960,0.0
2067,124020,0.0
2068,124080,0.0
2069,124140,0.0
2070,124200,0.0
2071,124260,0.0
2072,124320,0.0
2073,124380,0.0
2074,124440,0.0
2075,124500,0.0
2076,124560,0.0
2077,124620,0.0
2078,124680,0.0
2079,124740,0.0
2080,124800,0.0
2081,124860,0.0
2082,124920,0.0
2083,124980,0.0
2084,125040,0.0
2085,125100,0.0
2086,125160,0.0
2087,125220,0.0
2088,125280,0.0
2089,125340,0.0
2090,125400,0.0
2091,125460,0.0
2092,125520,0.0
2093,125580,60.0
2094,125640,0.0
2095,125700,0.0
2096,125760,0.0
2097,125820,0.0
2098,125880,0.0
2099,125940,0.0
2100,126000,0.0
2101,126060,60.0
2102,126120,0.0
2103,126180,0.0
2104,126240,0.0
2105,126300,0.0
2106,126360,0.0
2107,126420,0.0
2108,126480,0.0
2109,126540,0.0
2110,126600,0.0
2111,126660,0.0
2112,126720,0.0
2113,126780,0.0
2114,126840,0.0
2115,126900,0.0
2116,126960,0.0
2117,127020,0.0
2118,127080,0.0
2119,127140,0.0
2120,127200,0.0
2121,127260,0.0
2122,127320,0.0
2123,127380,0.0
2124,127440,0.0
2125,127500,0.0
2126,127560,0.0
2127,127620,0.0
2128,127680,0.0
2129,127740,0.0
2130,127800,0.0
2131,127860,0.0
2132,127920,0.0
2133,127980,0.0
2134,128040,0.0
2135,128100,0.0
2136,128160,0.0
2137,128220,0.0
2138,128280,0.0
2139,128340,0.0
2140,128400,0.0
2141,128460,0.0
2142,128520,0.0
2143,128580,0.0
2144,128640,0.0
2145,128700,0.0
2146,128760,0.0
2147,128820,0.0
2148,128880,0.0
2149,128940,0.0
2150,129000,0.0
2151,129060,0.0
2152,129120,0.0
2153,129180,0.0
2154,129240,0.0
2155,129300,0.0
2156,129360,0.0
2157,129420,0.0
2158,129480,0.0
2159,129540,0.0
2160,129600,0.0
2161,129660,0.0
2162,129720,0.0
2163,129780,0.0
2164,129840,0.0
2165,129900,0.0
2166,129960,0.0
2167,130020,0.0
2168,130080,0.0
2169,130140,0.0
2170,130200,0.0
2171,130260,0.0
2172,130320,0.0
2173,130380,0.0
2174,130440,0.0
2175,130500,0.0
2176,130560,0.0
2177,130620,0.0
2178,130680,0.0
2179,130740,0.0
2180,130800,0.0
2181,130860,0.0
2182,130920,0.0
2183,130980,0.0
2184,131040,0.0
2185,131100,0.0
2186,131160,0.0
2187,131220,0.0
2188,131280,0.0
2189,131340,0.0
2190,131400,0.0
2191,131460,0.0
2192,131520,0.0
2193,131580,0.0
2194,131640,0.0
2195,131700,0.0
2196,131760,0.0
2197,131820,0.0
2198,131880,0.0
2199,131940,0.0
2200,132000,0.0
2201,132060,0.0
2202,132120,0.0
2203,132180,0.0
2204,132240,0.0
2205,132300,0.0
2206,132360,0.0
2207,132420,0.0
2208,132480,0.0
2209,132540,0.0
2210,132600,0.0
2211,132660,0.0
2212,132720,0.0
2213,132780,0.0
2214,132840,0.0
2215,132900,0.0
2216,132960,0.0
2217,133020,0.0
2218,133080,0.0
2219,133140,0.0
2220,133200,0.0
2221,133260,0.0
2222,133320,0.0
2223,133380,0.0
2224,133440,0.0
2225,133500,0.0
2226,133560,0.0
2227,133620,0.0
2228,133680,0.0
2229,133740,0.0
2230,133800,0.0
2231,133860,0.0
2232,133920,0.0
2233,133980,0.0
2234,134040,0.0
2235,134100,0.0
2236,134160,0.0
2237,134220,0.0
2238,134280,0.0
2239,134340,0.0
2240,134400,0.0
2241,134460,0.0
2242,134520,0.0
2243,134580,0.0
2244,134640,0.0
2245,134700,0.0
2246,134760,0.0
2247,134820,0.0
2248,134880,0.0
2249,134940,0.0
2250,135000,0.0
2251,135060,0.0
2252,135120,0.0
2253,135180,0.0
2254,135240,0.0
2255,135300,0.0
2256,135360,0.0
2257,135420,0.0
2258,135480,0.0
2259,135540,0.0
2260,135600,0.0
2261,135660,0.0
2262,135720,0.0
2263,135780,0.0
2264,135840,0.0
2265,135900,0.0
2266,135960,0.0
2267,136020,0.0
2268,136080,0.0
2269,136140,0.0
2270,136200,0.0
2271,136260,0.0
2272,136320,0.0
2273,136380,0.0
2274,136440,0.0
2275,136500,0.0
2276,136560,0.0
2277,136620,0.0
2278,136680,0.0
2279,136740,0.0
2280,136800,0.0
2281,136860,0.0
2282,136920,0.0
2283,136980,0.0
2284,137040,0.0
2285,137100,0.0
2286,137160,0.0
2287,137220,0.0
2288,137280,0.0
2289,137340,0.0
2290,137400,0.0
2291,137460,0.0
2292,137520,0.0
2293,137580,0.0
2294,137640,0.0
2295,137700,0.0
2296,137760,0.0
2297,137820,0.0
2298,137880,0.0
2299,137940,0.0
2300,138000,0.0
2301,138060,0.0
2302,138120,0.0
2303,138180,0.0
2304,138240,0.0
2305,138300,0.0
2306,138360,0.0
2307,138420,0.0
2308,138480,0.0
2309,138540,0.0
2310,138600,0.0
2311,138660,0.0
2312,138720,0.0
2313,138780,0.0
2314,138840,0.0
2315,138900,0.0
2316,138960,0.0
2317,139020,0.0
2318,139080,0.0
2319,139140,0.0
2320,139200,0.0
2321,139260,0.0
2322,139320,0.0
2323,139380,0.0
2324,139440,0.0
2325,139500,0.0
2326,139560,0.0
2327,139620,0.0
2328,139680,0.0
2329,139740,0.0
2330,139800,0.0
2331,139860,0.0
2332,139920,0.0
2333,139980,0.0
2334,140040,0.0
2335,140100,0.0
2336,140160,0.0
2337,140220,0.0
2338,140280,0.0
2339,140340,0.0
2340,140400,0.0
2341,140460,0.0
2342,140520,0.0
2343,140580,0.0
2344,140640,0.0
2345,140700,0.0
2346,140760,0.0
2347,140820,0.0
2348,140880,0.0
2349,140940,0.0
2350,141000,0.0
2351,141060,0.0
2352,141120,0.0
2353,141180,0.0
2354,141240,0.0
2355,141300,0.0
2356,141360,0.0
2357,141420,0.0
2358,141480,0.0
2359,141540,0.0
2360,141600,0.0
2361,141660,0.0
2362,141720,0.0
2363,141780,0.0
2364,141840,0.0
2365,141900,0.0
2366,141960,0.0
2367,142020,0.0
2368,142080,0.0
2369,142140,0.0
2370,142200,0.0
2371,142260,0.0
2372,142320,0.0
2373,142380,0.0
2374,142440,0.0
2375,142500,0.0
2376,142560,0.0
2377,142620,0.0
2378,142680,0.0
2379,142740,0.0
2380,142800,0.0
2381,142860,0.0
2382,142920,0.0
2383,142980,0.0
2384,143040,0.0
2385,143100,0.0
2386,143160,0.0
2387,143220,0.0
2388,143280,0.0
2389,143340,0.0
2390,143400,0.0
2391,143460,0.0
2392,143520,0.0
2393,143580,0.0
2394,143640,0.0
2395,143700,0.0
2396,143760,0.0
2397,143820,0.0
2398,143880,0.0
2399,143940,0.0
2400,144000,0.0
2401,144060,0.0
2402,144120,0.0
2403,144180,0.0
2404,144240,0.0
2405,144300,0.0
2406,144360,0.0
2407,144420,0.0
2408,144480,0.0
2409,144540,0.0
2410,144600,0.0
2411,144660,0.0
2412,144720,0.0
2413,144780,0.0
2414,144840,0.0
2415,144900,0.0
2416,144960,0.0
2417,145020,0.0
2418,145080,0.0
2419,145140,0.0
2420,145200,0.0
2421,145260,0.0
2422,145320,0.0
2423,145380,0.0
2424,145440,0.0
2425,145500,0.0
2426,145560,0.0
2427,145620,0.0
2428,145680,0.0
2429,145740,0.0
2430,145800,0.0
2431,145860,0.0
2432,145920,0.0
2433,145980,0.0
2434,146040,0.0
2435,146100,0.0
2436,146160,0.0
2437,146220,0.0
2438,146280,0.0
2439,146340,0.0
2440,146400,0.0
2441,146460,0.0
2442,146520,0.0
2443,146580,0.0
2444,146640,0.0
2445,146700,0.0
2446,146760,0.0
2447,146820,0.0
2448,146880,0.0
2449,146940,0.0
2450,147000,0.0
2451,147060,0.0
2452,147120,0.0
2453,147180,0.0
2454,147240,0.0
2455,147300,0.0
2456,147360,0.0
2457,147420,0.0
2458,147480,0.0
2459,147540,0.0
2460,147600,0.0
2461,147660,0.0
2462,147720,0.0
2463,147780,0.0
2464,147840,0.0
2465,147900,0.0
2466,147960,0.0
2467,148020,0.0
2468,148080,0.0
2469,148140,0.0
2470,148200,0.0
2471,148260,0.0
2472,148320,0.0
2473,148380,0.0
2474,148440,0.0
2475,148500,0.0
2476,148560,0.0
2477,148620,0.0
2478,148680,0.0
2479,148740,0.0
2480,148800,0.0
2481,148860,0.0
2482,148920,0.0
2483,148980,0.0
2484,149040,0.0
2485,149100,0.0
2486,149160,0.0
2487,149220,0.0
2488,149280,0.0
2489,149340,0.0
2490,149400,0.0
2491,149460,0.0
2492,149520,0.0
2493,149580,0.0
2494,149640,0.0
2495,149700,0.0
2496,149760,0.0
2497,149820,0.0
2498,149880,0.0
2499,149940,0.0
2500,150000,0.0
2501,150060,0.0
2502,150120,0.0
2503,150180,0.0
2504,150240,0.0
2505,150300,0.0
2506,150360,0.0
2507,150420,0.0
2508,150480,0.0
2509,150540,0.0
2510,150600,0.0
2511,150660,0.0
2512,150720,0.0
2513,150780,0.0
2514,150840,0.0
2515,150900,0.0
2516,150960,0.0
2517,151020,0.0
2518,151080,0.0
2519,151140,0.0
2520,151200,0.0
2521,151260,0.0
2522,151320,0.0
2523,151380,0.0
2524,151440,0.0
2525,151500,0.0
2526,151560,0.0
2527,151620,0.0
2528,151680,0.0
2529,151740,0.0
2530,151800,60.0
2531,151860,0.0
2532,151920,0.0
2533,151980,0.0
2534,152040,0.0
2535,152100,0.0
2536,152160,0.0
2537,152220,0.0
2538,152280,0.0
2539,152340,0.0
2540,152400,0.0
2541,152460,0.0
2542,152520,0.0
2543,152580,0.0
2544,152640,0.0
2545,152700,0.0
2546,152760,0.0
2547,152820,0.0
2548,152880,0.0
2549,152940,0.0
2550,153000,0.0
2551,153060,0.0
2552,153120,0.0
2553,153180,0.0
2554,153240,0.0
2555,153300,0.0
2556,153360,0.0
2557,153420,0.0
2558,153480,0.0
2559,153540,0.0
2560,153600,0.0
2561,153660,0.0
2562,153720,0.0
2563,153780,0.0
2564,153840,0.0
2565,153900,0.0
2566,153960,0.0
2567,154020,0.0
2568,154080,0.0
2569,154140,0.0
2570,154200,0.0
2571,154260,0.0
2572,154320,0.0
2573,154380,0.0
2574,154440,0.0
2575,154500,0.0
2576,154560,0.0
2577,154620,0.0
2578,154680,0.0
2579,154740,0.0
2580,154800,0.0
2581,154860,0.0
2582,154920,0.0
2583,154980,0.0
2584,155040,0.0
2585,155100,0.0
2586,155160,0.0
2587,155220,0.0
2588,155280,0.0
2589,155340,0.0
2590,155400,0.0
2591,155460,0.0
2592,155520,0.0
2593,155580,0.0
2594,155640,0.0
2595,155700,0.0
2596,155760,0.0
2597,155820,60.0
2598,155880,0.0
2599,155940,0.0
2600,156000,0.0
2601,156060,0.0
2602,156120,0.0
2603,156180,0.0
2604,156240,0.0
2605,156300,0.0
2606,156360,0.0
2607,156420,0.0
2608,156480,0.0
2609,156540,0.0
2610,156600,0.0
2611,156660,0.0
2612,156720,0.0
2613,156780,0.0
2614,156840,0.0
2615,156900,0.0
2616,156960,0.0
2617,157020,0.0
2618,157080,0.0
2619,157140,0.0
2620,157200,0.0
2621,157260,0.0
2622,157320,0.0
2623,157380,0.0
2624,157440,0.0
2625,157500,0.0
2626,157560,60.0
2627,157620,0.0
2628,157680,0.0
2629,157740,0.0
2630,157800,0.0
2631,157860,0.0
2632,157920,0.0
2633,157980,0.0
2634,158040,0.0
2635,158100,0.0
2636,158160,0.0
2637,158220,0.0
2638,158280,0.0
2639,158340,0.0
2640,158400,0.0
2641,158460,0.0
2642,158520,0.0
2643,158580,0.0
2644,158640,0.0
2645,158700,0.0
2646,158760,0.0
2647,158820,0.0
2648,158880,0.0
2649,158940,0.0
2650,159000,0.0
2651,159060,0.0
2652,159120,0.0
2653,159180,0.0
2654,159240,0.0
2655,159300,0.0
2656,159360,0.0
2657,159420,0.0
2658,159480,0.0
2659,159540,0.0
2660,159600,0.0
2661,159660,0.0
2662,159720,0.0
2663,159780,0.0
2664,159840,0.0
2665,159900,0.0
2666,159960,0.0
2667,160020,0.0
2668,160080,0.0
2669,160140,0.0
2670,160200,0.0
2671,160260,0.0
2672,160320,0.0
2673,160380,0.0
2674,160440,0.0
2675,160500,0.0
2676,160560,0.0
2677,160620,0.0
2678,160680,0.0
2679,160740,0.0
2680,160800,0.0
2681,160860,0.0
2682,160920,0.0
2683,160980,0.0
2684,161040,0.0
2685,161100,0.0
2686,161160,0.0
2687,161220,0.0
2688,161280,0.0
2689,161340,0.0
2690,161400,0.0
2691,161460,0.0
2692,161520,0.0
2693,161580,0.0
2694,161640,0.0
2695,161700,0.0
2696,161760,0.0
2697,161820,0.0
2698,161880,0.0
2699,161940,0.0
2700,162000,0.0
2701,162060,0.0
2702,162120,0.0
2703,162180,0.0
2704,162240,0.0
2705,162300,0.0
2706,162360,0.0
2707,162420,0.0
2708,162480,0.0
2709,162540,0.0
2710,162600,0.0
2711,162660,0.0
2712,162720,0.0
2713,162780,0.0
2714,162840,0.0
2715,162900,0.0
2716,162960,0.0
2717,163020,0.0
2718,163080,0.0
2719,163140,0.0
2720,163200,0.0
2721,163260,0.0
2722,163320,0.0
2723,163380,0.0
2724,163440,0.0
2725,163500,0.0
2726,163560,0.0
2727,163620,0.0
2728,163680,0.0
2729,163740,0.0
2730,163800,0.0
2731,163860,0.0
2732,163920,0.0
2733,163980,0.0
2734,164040,0.0
2735,164100,0.0
2736,164160,0.0
2737,164220,0.0
2738,164280,0.0
2739,164340,0.0
2740,164400,0.0
2741,164460,0.0
2742,164520,0.0
2743,164580,0.0
2744,164640,0.0
2745,164700,0.0
2746,164760,0.0
2747,164820,0.0
2748,164880,0.0
2749,164940,0.0
2750,165000,0.0
2751,165060,0.0
2752,165120,0.0
2753,165180,0.0
2754,165240,0.0
2755,165300,0.0
2756,165360,0.0
2757,165420,0.0
2758,165480,0.0
2759,165540,0.0
2760,165600,0.0
2761,165660,0.0
2762,165720,0.0
2763,165780,0.0
2764,165840,0.0
2765,165900,0.0
2766,165960,0.0
2767,166020,0.0
2768,166080,0.0
2769,166140,0.0
2770,166200,0.0
2771,166260,0.0
2772,166320,0.0
2773,166380,0.0
2774,166440,0.0
2775,166500,0.0
2776,166560,0.0
2777,166620,0.0
2778,166680,0.0
2779,166740,0.0
2780,166800,0.0
2781,166860,0.0
2782,166920,0.0
2783,166980,0.0
2784,167040,0.0
2785,167100,0.0
2786,167160,0.0
2787,167220,0.0
2788,167280,0.0
2789,167340,0.0
2790,167400,0.0
2791,167460,0.0
2792,167520,0.0
2793,167580,0.0
2794,167640,0.0
2795,167700,0.0
2796,167760,0.0
2797,167820,0.0
2798,167880,0.0
2799,167940,0.0
2800,168000,0.0
2801,168060,0.0
2802,168120,0.0
2803,168180,0.0
2804,168240,0.0
2805,168300,0.0
2806,168360,0.0
2807,168420,0.0
2808,168480,0.0
2809,168540,0.0
2810,168600,0.0
2811,168660,0.0
2812,168720,0.0
2813,168780,0.0
2814,168840,0.0
2815,168900,0.0
2816,168960,0.0
2817,169020,0.0
2818,169080,0.0
2819,169140,0.0
2820,169200,0.0
2821,169260,0.0
2822,169320,0.0
2823,169380,0.0
2824,169440,0.0
2825,169500,0.0
2826,169560,0.0
2827,169620,0.0
2828,169680,0.0
2829,169740,0.0
2830,169800,0.0
2831,169860,0.0
2832,169920,0.0
2833,169980,0.0
2834,170040,0.0
2835,170100,0.0
2836,170160,0.0
2837,170220,0.0
2838,170280,0.0
2839,170340,0.0
2840,170400,0.0
2841,170460,0.0
2842,170520,0.0
2843,170580,0.0
2844,170640,0.0
2845,170700,0.0
2846,170760,0.0
2847,170820,0.0
2848,170880,0.0
2849,170940,0.0
2850,171000,0.0
2851,171060,0.0
2852,171120,0.0
2853,171180,0.0
2854,171240,0.0
2855,171300,0.0
2856,171360,0.0
2857,171420,0.0
2858,171480,0.0
2859,171540,0.0
2860,171600,0.0
2861,171660,0.0
2862,171720,0.0
2863,171780,0.0
2864,171840,0.0
2865,171900,0.0
2866,171960,0.0
2867,172020,0.0
2868,172080,0.0
2869,172140,0.0
2870,172200,0.0
2871,172260,0.0
2872,172320,0.0
2873,172380,0.0
2874,172440,0.0
2875,172500,0.0
2876,172560,0.0
2877,172620,0.0
2878,172680,0.0
2879,172740,0.0
2880,172800,0.0
2881,172860,0.0
2882,172920,0.0
2883,172980,0.0
2884,173040,0.0
2885,173100,0.0
2886,173160,0.0
2887,173220,0.0
2888,173280,0.0
2889,173340,0.0
2890,173400,0.0
2891,173460,0.0
2892,173520,0.0
2893,173580,0.0
2894,173640,0.0
2895,173700,0.0
2896,173760,0.0
2897,173820,0.0
2898,173880,0.0
2899,173940,0.0
2900,174000,0.0
2901,174060,0.0
2902,174120,0.0
2903,174180,0.0
2904,174240,0.0
2905,174300,0.0
2906,174360,0.0
2907,174420,0.0
2908,174480,0.0
2909,174540,0.0
2910,174600,0.0
2911,174660,0.0
2912,174720,0.0
2913,174780,0.0
2914,174840,0.0
2915,174900,0.0
2916,174960,0.0
2917,175020,0.0
2918,175080,0.0
2919,175140,0.0
2920,175200,0.0
2921,175260,0.0
2922,175320,0.0
2923,175380,0.0
2924,175440,0.0
2925,175500,0.0
2926,175560,0.0
2927,175620,0.0
2928,175680,0.0
2929,175740,0.0
2930,175800,0.0
2931,175860,0.0
2932,175920,0.0
2933,175980,0.0
2934,176040,0.0
2935,176100,0.0
2936,176160,0.0
2937,176220,0.0
2938,176280,0.0
2939,176340,0.0
2940,176400,0.0
2941,176460,0.0
2942,176520,0.0
2943,176580,0.0
2944,176640,0.0
2945,176700,0.0
2946,176760,0.0
2947,176820,0.0
2948,176880,0.0
2949,176940,0.0
2950,177000,0.0
2951,177060,0.0
2952,177120,0.0
2953,177180,0.0
2954,177240,0.0
2955,177300,0.0
2956,177360,0.0
2957,177420,0.0
2958,177480,0.0
2959,177540,0.0
2960,177600,0.0
2961,177660,0.0
2962,177720,0.0
2963,177780,0.0
2964,177840,0.0
2965,177900,0.0
2966,177960,0.0
2967,178020,0.0
2968,178080,0.0
2969,178140,0.0
2970,178200,0.0
2971,178260,0.0
2972,178320,0.0
2973,178380,0.0
2974,178440,0.0
2975,178500,0.0
2976,178560,0.0
2977,178620,0.0
2978,178680,0.0
2979,178740,0.0
2980,178800,0.0
2981,178860,0.0
2982,178920,0.0
2983,178980,0.0
2984,179040,0.0
2985,179100,0.0
2986,179160,0.0
2987,179220,0.0
2988,179280,0.0
2989,179340,0.0
2990,179400,0.0
2991,179460,0.0
2992,179520,0.0
2993,179580,0.0
2994,179640,0.0
2995,179700,0.0
2996,179760,0.0
2997,179820,0.0
2998,179880,0.0
2999,179940,0.0
3000,180000,0.0
3001,180060,0.0
3002,180120,0.0
3003,180180,0.0
3004,180240,0.0
3005,180300,0.0
3006,180360,0.0
3007,180420,0.0
3008,180480,0.0
3009,180540,0.0
3010,180600,0.0
3011,180660,0.0
3012,180720,0.0
3013,180780,0.0
3014,180840,0.0
3015,180900,0.0
3016,180960,0.0
3017,181020,0.0
3018,181080,0.0
3019,181140,0.0
3020,181200,0.0
3021,181260,0.0
3022,181320,0.0
3023,181380,0.0
3024,181440,0.0
3025,181500,0.0
3026,181560,0.0
3027,181620,0.0
3028,181680,0.0
3029,181740,0.0
3030,181800,0.0
3031,181860,0.0
3032,181920,0.0
3033,181980,0.0
3034,182040,0.0
3035,182100,0.0
3036,182160,0.0
3037,182220,0.0
3038,182280,0.0
3039,182340,0.0
3040,182400,0.0
3041,182460,0.0
3042,182520,0.0
3043,182580,0.0
3044,182640,0.0
3045,182700,0.0
3046,182760,0.0
3047,182820,0.0
3048,182880,0.0
3049,182940,0.0
3050,183000,0.0
3051,183060,0.0
3052,183120,0.0
3053,183180,0.0
3054,183240,0.0
3055,183300,0.0
3056,183360,0.0
3057,183420,0.0
3058,183480,0.0
3059,183540,0.0
3060,183600,0.0
3061,183660,0.0
3062,183720,0.0
3063,183780,0.0
3064,183840,0.0
3065,183900,0.0
3066,183960,0.0
3067,184020,0.0
3068,184080,0.0
3069,184140,0.0
3070,184200,0.0
3071,184260,0.0
3072,184320,0.0
3073,184380,0.0
3074,184440,0.0
3075,184500,0.0
3076,184560,0.0
3077,184620,0.0
3078,184680,0.0
3079,184740,0.0
3080,184800,0.0
3081,184860,0.0
3082,184920,0.0
3083,184980,0.0
3084,185040,0.0
3085,185100,0.0
3086,185160,0.0
3087,185220,0.0
3088,185280,0.0
3089,185340,0.0
3090,185400,0.0
3091,185460,0.0
3092,185520,0.0
3093,185580,0.0
3094,185640,0.0
3095,185700,0.0
3096,185760,0.0
3097,185820,0.0
3098,185880,0.0
3099,185940,0.0
3100,186000,0.0
3101,186060,0.0
3102,186120,0.0
3103,186180,0.0
3104,186240,0.0
3105,186300,0.0
3106,186360,0.0
3107,186420,0.0
3108,186480,0.0
3109,186540,0.0
3110,186600,0.0
3111,186660,0.0
3112,186720,0.0
3113,186780,0.0
3114,186840,0.0
3115,186900,0.0
3116,186960,0.0
3117,187020,0.0
3118,187080,0.0
3119,187140,0.0
3120,187200,0.0
3121,187260,0.0
3122,187320,0.0
3123,187380,0.0
3124,187440,0.0
3125,187500,0.0
3126,187560,0.0
3127,187620,0.0
3128,187680,0.0
3129,187740,0.0
3130,187800,0.0
3131,187860,0.0
3132,187920,0.0
3133,187980,0.0
3134,188040,0.0
3135,188100,0.0
3136,188160,0.0
3137,188220,0.0
3138,188280,0.0
3139,188340,0.0
3140,188400,0.0
3141,188460,0.0
3142,188520,0.0
3143,188580,0.0
3144,188640,0.0
3145,188700,0.0
3146,188760,0.0
3147,188820,0.0
3148,188880,0.0
3149,188940,0.0
3150,189000,0.0
3151,189060,0.0
3152,189120,0.0
3153,189180,0.0
3154,189240,0.0
3155,189300,0.0
3156,189360,0.0
3157,189420,0.0
3158,189480,0.0
3159,189540,0.0
3160,189600,0.0
3161,189660,0.0
3162,189720,0.0
3163,189780,0.0
3164,189840,0.0
3165,189900,0.0
3166,189960,0.0
3167,190020,0.0
3168,190080,0.0
3169,190140,0.0
3170,190200,0.0
3171,190260,0.0
3172,190320,0.0
3173,190380,0.0
3174,190440,0.0
3175,190500,0.0
3176,190560,0.0
3177,190620,0.0
3178,190680,0.0
3179,190740,0.0
3180,190800,0.0
3181,190860,0.0
3182,190920,0.0
3183,190980,0.0
3184,191040,0.0
3185,191100,0.0
3186,191160,0.0
3187,191220,0.0
3188,191280,0.0
3189,191340,0.0
3190,191400,0.0
3191,191460,0.0
3192,191520,0.0
3193,191580,0.0
3194,191640,0.0
3195,191700,0.0
3196,191760,0.0
3197,191820,0.0
3198,191880,0.0
3199,191940,0.0
3200,192000,0.0
3201,192060,0.0
3202,192120,0.0
3203,192180,0.0
3204,192240,0.0
3205,192300,0.0
3206,192360,0.0
3207,192420,0.0
3208,192480,0.0
3209,192540,0.0
3210,192600,0.0
3211,192660,0.0
3212,192720,0.0
3213,192780,0.0
3214,192840,0.0
3215,192900,0.0
3216,192960,0.0
3217,193020,0.0
3218,193080,0.0
3219,193140,0.0
3220,193200,0.0
3221,193260,0.0
3222,193320,0.0
3223,193380,0.0
3224,193440,0.0
3225,193500,0.0
3226,193560,0.0
3227,193620,0.0
3228,193680,0.0
3229,193740,0.0
3230,193800,0.0
3231,193860,0.0
3232,193920,0.0
3233,193980,0.0
3234,194040,0.0
3235,194100,0.0
3236,194160,0.0
3237,194220,0.0
3238,194280,0.0
3239,194340,0.0
3240,194400,0.0
3241,194460,0.0
3242,194520,0.0
3243,194580,0.0
3244,194640,0.0
3245,194700,0.0
3246,194760,0.0
3247,194820,60.0
3248,194880,0.0
3249,194940,0.0
3250,195000,0.0
3251,195060,0.0
3252,195120,0.0
3253,195180,0.0
3254,195240,0.0
3255,195300,0.0
3256,195360,0.0
3257,195420,0.0
3258,195480,0.0
3259,195540,0.0
3260,195600,0.0
3261,195660,0.0
3262,195720,0.0
3263,195780,0.0
3264,195840,0.0
3265,195900,0.0
3266,195960,0.0
3267,196020,0.0
3268,196080,0.0
3269,196140,0.0
3270,196200,0.0
3271,196260,0.0
3272,196320,0.0
3273,196380,0.0
3274,196440,0.0
3275,196500,0.0
3276,196560,0.0
3277,196620,0.0
3278,196680,0.0
3279,196740,0.0
3280,196800,0.0
3281,196860,0.0
3282,196920,0.0
3283,196980,0.0
3284,197040,0.0
3285,197100,0.0
3286,197160,0.0
3287,197220,0.0
3288,197280,0.0
3289,197340,0.0
3290,197400,0.0
3291,197460,0.0
3292,197520,0.0
3293,197580,0.0
3294,197640,0.0
3295,197700,0.0
3296,197760,0.0
3297,197820,0.0
3298,197880,0.0
3299,197940,0.0
3300,198000,0.0
3301,198060,0.0
3302,198120,0.0
3303,198180,0.0
3304,198240,0.0
3305,198300,0.0
3306,198360,0.0
3307,198420,0.0
3308,198480,0.0
3309,198540,0.0
3310,198600,0.0
3311,198660,0.0
3312,198720,0.0
3313,198780,0.0
3314,198840,0.0
3315,198900,0.0
3316,198960,0.0
3317,199020,0.0
3318,199080,0.0
3319,199140,0.0
3320,199200,0.0
3321,199260,0.0
3322,199320,0.0
3323,199380,0.0
3324,199440,0.0
3325,199500,0.0
3326,199560,0.0
3327,199620,0.0
3328,199680,0.0
3329,199740,0.0
3330,199800,0.0
3331,199860,0.0
3332,199920,0.0
3333,199980,0.0
3334,200040,0.0
3335,200100,0.0
3336,200160,0.0
3337,200220,0.0
3338,200280,0.0
3339,200340,0.0
3340,200400,0.0
3341,200460,0.0
3342,200520,0.0
3343,200580,0.0
3344,200640,0.0
3345,200700,0.0
3346,200760,0.0
3347,200820,0.0
3348,200880,0.0
3349,200940,0.0
3350,201000,0.0
3351,201060,0.0
3352,201120,0.0
3353,201180,0.0
3354,201240,0.0
3355,201300,0.0
3356,201360,0.0
3357,201420,0.0
3358,201480,0.0
3359,201540,0.0
3360,201600,0.0
3361,201660,0.0
3362,201720,0.0
3363,201780,0.0
3364,201840,0.0
3365,201900,0.0
3366,201960,0.0
3367,202020,0.0
3368,202080,0.0
3369,202140,0.0
3370,202200,0.0
3371,202260,0.0
3372,202320,0.0
3373,202380,0.0
3374,202440,0.0
3375,202500,0.0
3376,202560,0.0
3377,202620,0.0
3378,202680,0.0
3379,202740,0.0
3380,202800,0.0
3381,202860,0.0
3382,202920,0.0
3383,202980,0.0
3384,203040,0.0
3385,203100,0.0
3386,203160,0.0
3387,203220,0.0
3388,203280,0.0
3389,203340,0.0
3390,203400,0.0
3391,203460,0.0
3392,203520,0.0
3393,203580,0.0
3394,203640,0.0
3395,203700,0.0
3396,203760,0.0
3397,203820,0.0
3398,203880,0.0
3399,203940,0.0
3400,204000,0.0
3401,204060,0.0
3402,204120,0.0
3403,204180,0.0
3404,204240,0.0
3405,204300,0.0
3406,204360,0.0
3407,204420,0.0
3408,204480,0.0
3409,204540,0.0
3410,204600,0.0
3411,204660,0.0
3412,204720,0.0
3413,204780,0.0
3414,204840,0.0
3415,204900,0.0
3416,204960,0.0
3417,205020,0.0
3418,205080,0.0
3419,205140,0.0
3420,205200,0.0
3421,205260,0.0
3422,205320,0.0
3423,205380,0.0
3424,205440,0.0
3425,205500,60.0
3426,205560,120.0
3427,205620,0.0
3428,205680,0.0
3429,205740,0.0
3430,205800,0.0
3431,205860,0.0
3432,205920,0.0
3433,205980,0.0
3434,206040,0.0
3435,206100,0.0
3436,206160,0.0
3437,206220,0.0
3438,206280,0.0
3439,206340,0.0
3440,206400,0.0
3441,206460,0.0
3442,206520,0.0
3443,206580,0.0
3444,206640,0.0
3445,206700,0.0
3446,206760,0.0
3447,206820,0.0
3448,206880,0.0
3449,206940,0.0
3450,207000,0.0
3451,207060,0.0
3452,207120,0.0
3453,207180,0.0
3454,207240,0.0
3455,207300,0.0
3456,207360,0.0
3457,207420,0.0
3458,207480,0.0
3459,207540,0.0
3460,207600,0.0
3461,207660,0.0
3462,207720,0.0
3463,207780,0.0
3464,207840,0.0
3465,207900,0.0
3466,207960,0.0
3467,208020,0.0
3468,208080,0.0
3469,208140,0.0
3470,208200,0.0
3471,208260,0.0
3472,208320,0.0
3473,208380,0.0
3474,208440,0.0
3475,208500,0.0
3476,208560,0.0
3477,208620,0.0
3478,208680,0.0
3479,208740,0.0
3480,208800,0.0
3481,208860,0.0
3482,208920,0.0
3483,208980,0.0
3484,209040,0.0
3485,209100,0.0
3486,209160,0.0
3487,209220,0.0
3488,209280,0.0
3489,209340,0.0
3490,209400,0.0
3491,209460,0.0
3492,209520,0.0
3493,209580,0.0
3494,209640,0.0
3495,209700,0.0
3496,209760,0.0
3497,209820,0.0
3498,209880,0.0
3499,209940,0.0
3500,210000,0.0
3501,210060,0.0
3502,210120,0.0
3503,210180,0.0
3504,210240,0.0
3505,210300,0.0
3506,210360,0.0
3507,210420,0.0
3508,210480,0.0
3509,210540,0.0
3510,210600,0.0
3511,210660,0.0
3512,210720,0.0
3513,210780,0.0
3514,210840,0.0
3515,210900,0.0
3516,210960,0.0
3517,211020,0.0
3518,211080,0.0
3519,211140,0.0
3520,211200,0.0
3521,211260,0.0
3522,211320,0.0
3523,211380,0.0
3524,211440,0.0
3525,211500,0.0
3526,211560,0.0
3527,211620,0.0
3528,211680,0.0
3529,211740,0.0
3530,211800,0.0
3531,211860,0.0
3532,211920,0.0
3533,211980,0.0
3534,212040,0.0
3535,212100,0.0
3536,212160,0.0
3537,212220,0.0
3538,212280,0.0
3539,212340,0.0
3540,212400,0.0
3541,212460,0.0
3542,212520,0.0
3543,212580,0.0
3544,212640,0.0
3545,212700,0.0
3546,212760,0.0
3547,212820,0.0
3548,212880,0.0
3549,212940,0.0
3550,213000,120.0
3551,213060,0.0
3552,213120,0.0
3553,213180,0.0
3554,213240,0.0
3555,213300,0.0
3556,213360,0.0
3557,213420,0.0
3558,213480,0.0
3559,213540,0.0
3560,213600,0.0
3561,213660,0.0
3562,213720,60.0
3563,213780,0.0
3564,213840,0.0
3565,213900,0.0
3566,213960,0.0
3567,214020,0.0
3568,214080,0.0
3569,214140,0.0
3570,214200,0.0
3571,214260,0.0
3572,214320,0.0
3573,214380,0.0
3574,214440,0.0
3575,214500,0.0
3576,214560,0.0
3577,214620,0.0
3578,214680,0.0
3579,214740,0.0
3580,214800,0.0
3581,214860,0.0
3582,214920,0.0
3583,214980,0.0
3584,215040,0.0
3585,215100,0.0
3586,215160,0.0
3587,215220,0.0
3588,215280,0.0
3589,215340,0.0
3590,215400,0.0
3591,215460,0.0
3592,215520,0.0
3593,215580,0.0
3594,215640,0.0
3595,215700,0.0
3596,215760,0.0
3597,215820,0.0
3598,215880,0.0
3599,215940,0.0
3600,216000,0.0
3601,216060,0.0
3602,216120,0.0
3603,216180,0.0
3604,216240,0.0
3605,216300,0.0
3606,216360,0.0
3607,216420,0.0
3608,216480,0.0
3609,216540,0.0
3610,216600,0.0
3611,216660,0.0
3612,216720,0.0
3613,216780,0.0
3614,216840,0.0
3615,216900,0.0
3616,216960,0.0
3617,217020,0.0
3618,217080,0.0
3619,217140,0.0
3620,217200,0.0
3621,217260,0.0
3622,217320,0.0
3623,217380,0.0
3624,217440,0.0
3625,217500,0.0
3626,217560,0.0
3627,217620,0.0
3628,217680,0.0
3629,217740,0.0
3630,217800,0.0
3631,217860,0.0
3632,217920,0.0
3633,217980,0.0
3634,218040,0.0
3635,218100,0.0
3636,218160,0.0
3637,218220,0.0
3638,218280,0.0
3639,218340,0.0
3640,218400,0.0
3641,218460,0.0
3642,218520,0.0
3643,218580,0.0
3644,218640,0.0
3645,218700,0.0
3646,218760,0.0
3647,218820,0.0
3648,218880,0.0
3649,218940,0.0
3650,219000,0.0
3651,219060,0.0
3652,219120,0.0
3653,219180,0.0
3654,219240,0.0
3655,219300,0.0
3656,219360,0.0
3657,219420,0.0
3658,219480,0.0
3659,219540,0.0
3660,219600,0.0
3661,219660,0.0
3662,219720,0.0
3663,219780,0.0
3664,219840,0.0
3665,219900,0.0
3666,219960,0.0
3667,220020,0.0
3668,220080,0.0
3669,220140,0.0
3670,220200,0.0
3671,220260,0.0
3672,220320,0.0
3673,220380,0.0
3674,220440,0.0
3675,220500,0.0
3676,220560,0.0
3677,220620,0.0
3678,220680,0.0
3679,220740,0.0
3680,220800,0.0
3681,220860,0.0
3682,220920,0.0
3683,220980,0.0
3684,221040,0.0
3685,221100,0.0
3686,221160,0.0
3687,221220,0.0
3688,221280,0.0
3689,221340,0.0
3690,221400,0.0
3691,221460,0.0
3692,221520,0.0
3693,221580,0.0
3694,221640,0.0
3695,221700,0.0
3696,221760,0.0
3697,221820,0.0
3698,221880,0.0
3699,221940,0.0
3700,222000,0.0
3701,222060,0.0
3702,222120,0.0
3703,222180,0.0
3704,222240,0.0
3705,222300,0.0
3706,222360,0.0
3707,222420,0.0
3708,222480,0.0
3709,222540,0.0
3710,222600,0.0
3711,222660,0.0
3712,222720,0.0
3713,222780,0.0
3714,222840,0.0
3715,222900,0.0
3716,222960,0.0
3717,223020,0.0
3718,223080,0.0
3719,223140,0.0
3720,223200,0.0
3721,223260,0.0
3722,223320,0.0
3723,223380,0.0
3724,223440,0.0
3725,223500,0.0
3726,223560,0.0
3727,223620,0.0
3728,223680,0.0
3729,223740,0.0
3730,223800,0.0
3731,223860,0.0
3732,223920,0.0
3733,223980,0.0
3734,224040,0.0
3735,224100,0.0
3736,224160,0.0
3737,224220,0.0
3738,224280,0.0
3739,224340,0.0
3740,224400,0.0
3741,224460,0.0
3742,224520,0.0
3743,224580,0.0
3744,224640,0.0
3745,224700,0.0
3746,224760,0.0
3747,224820,0.0
3748,224880,0.0
3749,224940,0.0
3750,225000,0.0
3751,225060,0.0
3752,225120,0.0
3753,225180,0.0
3754,225240,0.0
3755,225300,0.0
3756,225360,0.0
3757,225420,0.0
3758,225480,0.0
3759,225540,0.0
3760,225600,0.0
3761,225660,0.0
3762,225720,0.0
3763,225780,0.0
3764,225840,0.0
3765,225900,0.0
3766,225960,0.0
3767,226020,0.0
3768,226080,0.0
3769,226140,0.0
3770,226200,0.0
3771,226260,0.0
3772,226320,0.0
3773,226380,0.0
3774,226440,0.0
3775,226500,0.0
3776,226560,0.0
3777,226620,0.0
3778,226680,0.0
3779,226740,0.0
3780,226800,0.0
3781,226860,0.0
3782,226920,0.0
3783,226980,0.0
3784,227040,0.0
3785,227100,0.0
3786,227160,0.0
3787,227220,0.0
3788,227280,0.0
3789,227340,0.0
3790,227400,0.0
3791,227460,0.0
3792,227520,0.0
3793,227580,0.0
3794,227640,0.0
3795,227700,0.0
3796,227760,0.0
3797,227820,0.0
3798,227880,0.0
3799,227940,0.0
3800,228000,0.0
3801,228060,0.0
3802,228120,0.0
3803,228180,0.0
3804,228240,0.0
3805,228300,0.0
3806,228360,0.0
3807,228420,0.0
3808,228480,0.0
3809,228540,0.0
3810,228600,0.0
3811,228660,0.0
3812,228720,0.0
3813,228780,0.0
3814,228840,0.0
3815,228900,0.0
3816,228960,0.0
3817,229020,0.0
3818,229080,0.0
3819,229140,0.0
3820,229200,0.0
3821,229260,0.0
3822,229320,0.0
3823,229380,0.0
3824,229440,0.0
3825,229500,0.0
3826,229560,0.0
3827,229620,0.0
3828,229680,0.0
3829,229740,0.0
3830,229800,0.0
3831,229860,0.0
3832,229920,0.0
3833,229980,0.0
3834,230040,0.0
3835,230100,0.0
3836,230160,0.0
3837,230220,0.0
3838,230280,0.0
3839,230340,0.0
3840,230400,0.0
3841,230460,0.0
3842,230520,0.0
3843,230580,0.0
3844,230640,0.0
3845,230700,0.0
3846,230760,0.0
3847,230820,0.0
3848,230880,0.0
3849,230940,0.0
3850,231000,0.0
3851,231060,0.0
3852,231120,0.0
3853,231180,0.0
3854,231240,0.0
3855,231300,0.0
3856,231360,0.0
3857,231420,0.0
3858,231480,0.0
3859,231540,0.0
3860,231600,0.0
3861,231660,0.0
3862,231720,0.0
3863,231780,0.0
3864,231840,0.0
3865,231900,0.0
3866,231960,0.0
3867,232020,0.0
3868,232080,0.0
3869,232140,0.0
3870,232200,0.0
3871,232260,0.0
3872,232320,0.0
3873,232380,0.0
3874,232440,0.0
3875,232500,0.0
3876,232560,0.0
3877,232620,0.0
3878,232680,0.0
3879,232740,0.0
3880,232800,0.0
3881,232860,0.0
3882,232920,0.0
3883,232980,0.0
3884,233040,0.0
3885,233100,0.0
3886,233160,0.0
3887,233220,0.0
3888,233280,0.0
3889,233340,0.0
3890,233400,0.0
3891,233460,0.0
3892,233520,0.0
3893,233580,0.0
3894,233640,0.0
3895,233700,0.0
3896,233760,0.0
3897,233820,0.0
3898,233880,0.0
3899,233940,0.0
3900,234000,0.0
3901,234060,0.0
3902,234120,0.0
3903,234180,0.0
3904,234240,0.0
3905,234300,0.0
3906,234360,0.0
3907,234420,0.0
3908,234480,0.0
3909,234540,0.0
3910,234600,0.0
3911,234660,0.0
3912,234720,0.0
3913,234780,0.0
3914,234840,0.0
3915,234900,0.0
3916,234960,0.0
3917,235020,0.0
3918,235080,0.0
3919,235140,0.0
3920,235200,0.0
3921,235260,0.0
3922,235320,0.0
3923,235380,0.0
3924,235440,0.0
3925,235500,0.0
3926,235560,0.0
3927,235620,0.0
3928,235680,0.0
3929,235740,0.0
3930,235800,0.0
3931,235860,0.0
3932,235920,0.0
3933,235980,0.0
3934,236040,0.0
3935,236100,0.0
3936,236160,0.0
3937,236220,0.0
3938,236280,0.0
3939,236340,0.0
3940,236400,0.0
3941,236460,0.0
3942,236520,0.0
3943,236580,0.0
3944,236640,0.0
3945,236700,0.0
3946,236760,0.0
3947,236820,0.0
3948,236880,0.0
3949,236940,0.0
3950,237000,0.0
3951,237060,0.0
3952,237120,0.0
3953,237180,0.0
3954,237240,0.0
3955,237300,0.0
3956,237360,0.0
3957,237420,0.0
3958,237480,0.0
3959,237540,0.0
3960,237600,0.0
3961,237660,0.0
3962,237720,0.0
3963,237780,0.0
3964,237840,0.0
3965,237900,0.0
3966,237960,0.0
3967,238020,0.0
3968,238080,0.0
3969,238140,0.0
3970,238200,0.0
3971,238260,0.0
3972,238320,0.0
3973,238380,0.0
3974,238440,0.0
3975,238500,0.0
3976,238560,0.0
3977,238620,0.0
3978,238680,0.0
3979,238740,0.0
3980,238800,0.0
3981,238860,0.0
3982,238920,0.0
3983,238980,0.0
3984,239040,0.0
3985,239100,0.0
3986,239160,0.0
3987,239220,0.0
3988,239280,0.0
3989,239340,0.0
3990,239400,0.0
3991,239460,0.0
3992,239520,0.0
3993,239580,0.0
3994,239640,0.0
3995,239700,0.0
3996,239760,0.0
3997,239820,0.0
3998,239880,0.0
3999,239940,0.0
4000,240000,0.0
4001,240060,0.0
4002,240120,0.0
4003,240180,0.0
4004,240240,0.0
4005,240300,0.0
4006,240360,0.0
4007,240420,0.0
4008,240480,0.0
4009,240540,0.0
4010,240600,0.0
4011,240660,0.0
4012,240720,0.0
4013,240780,0.0
4014,240840,0.0
4015,240900,0.0
4016,240960,0.0
4017,241020,0.0
4018,241080,0.0
4019,241140,0.0
4020,241200,0.0
4021,241260,0.0
4022,241320,0.0
4023,241380,0.0
4024,241440,0.0
4025,241500,0.0
4026,241560,0.0
4027,241620,0.0
4028,241680,0.0
4029,241740,0.0
4030,241800,0.0
4031,241860,0.0
4032,241920,0.0
4033,241980,0.0
4034,242040,0.0
4035,242100,0.0
4036,242160,0.0
4037,242220,0.0
4038,242280,0.0
4039,242340,0.0
4040,242400,0.0
4041,242460,0.0
4042,242520,0.0
4043,242580,0.0
4044,242640,0.0
4045,242700,0.0
4046,242760,60.0
4047,242820,0.0
4048,242880,0.0
4049,242940,0.0
4050,243000,0.0
4051,243060,0.0
4052,243120,0.0
4053,243180,0.0
4054,243240,0.0
4055,243300,0.0
4056,243360,0.0
4057,243420,0.0
4058,243480,0.0
4059,243540,0.0
4060,243600,0.0
4061,243660,0.0
4062,243720,0.0
4063,243780,0.0
4064,243840,0.0
4065,243900,0.0
4066,243960,0.0
4067,244020,0.0
4068,244080,0.0
4069,244140,0.0
4070,244200,0.0
4071,244260,0.0
4072,244320,0.0
4073,244380,0.0
4074,244440,0.0
4075,244500,0.0
4076,244560,0.0
4077,244620,0.0
4078,244680,0.0
4079,244740,0.0
4080,244800,0.0
4081,244860,0.0
4082,244920,0.0
4083,244980,0.0
4084,245040,0.0
4085,245100,0.0
4086,245160,0.0
4087,245220,0.0
4088,245280,0.0
4089,245340,0.0
4090,245400,0.0
4091,245460,0.0
4092,245520,0.0
4093,245580,0.0
4094,245640,0.0
4095,245700,0.0
